article_id,article_topic_category
26842506,politics
26055892,politics
6929035,politics
19047636,politics
11672346,politics
26691065,religion
25731634,politics
13647608,healthcare
19767742,crime_law
32655412,politics
29629853,environment
13464869,politics
30089817,politics
27910240,politics
22970289,religion
26916174,politics
29220490,politics
20993905,politics
24459593,economy
24211771,politics
26287563,politics
17614448,politics
27600848,immigration
29287461,politics
11508194,politics
14315072,technology
9255841,education
21200020,politics
27264347,politics
30608142,politics
27606120,religion
27072545,politics
26845638,politics
22310028,education
20908158,politics
31992733,politics
32803341,politics
28748918,politics
32753320,politics
26337462,politics
13919677,politics
28078752,crime_law
21821297,politics
26957781,politics
7725145,environment
20736274,environment
28616994,politics
26573582,politics
14730628,healthcare
17357856,politics
17967924,education
30101422,politics
27480867,immigration
27200206,politics
22729037,terrorism_security
31520824,politics
22970176,politics
27730073,environment
27751521,environment
27008590,politics
11451046,politics
20647540,politics
11951156,politics
28117977,immigration
26424488,politics
26611044,politics
23069380,crime_law
29295022,politics
21294082,politics
15519571,politics
11579462,politics
9397380,politics
32314865,immigration
23117749,politics
22275323,immigration
27047599,education
30887672,social_issues
10600939,politics
11744465,politics
24031310,politics
30609024,politics
28775443,politics
21138349,politics
7536781,economy
27550366,politics
16847458,healthcare
17944909,politics
15798546,healthcare
19395567,politics
30029924,politics
31835620,economy
19071121,education
25141317,politics
27274186,religion
30306595,politics
22212088,politics
15792740,politics
30758467,crime_law
26385007,crime_law
27951364,politics
27751222,politics
8206738,education
29183100,politics
13098410,politics
11959426,politics
27307063,politics
18843166,social_issues
7252472,education
18498810,crime_law
12753194,crime_law
7029504,politics
29642837,healthcare
28708468,economy
18491718,politics
28199271,politics
28225596,politics
14112165,education
19301124,economy
32774605,politics
13483909,crime_law
33053215,technology
28920847,politics
12016032,economy
9003680,economy
28256142,religion
32474079,social_issues
20076143,education
11484180,politics
21988222,environment
32278545,economy
29409595,politics
33069933,politics
8131320,environment
31691976,social_issues
25083043,technology
23701139,healthcare
18377125,politics
30746157,crime_law
18565795,education
17124154,education
12292515,immigration
29062577,social_issues
21486194,politics
25836587,politics
24454966,technology
23116954,politics
28494689,politics
26373964,economy
28730533,economy
22194314,politics
18952122,crime_law
14639865,environment
11866787,religion
10549743,crime_law
26571266,terrorism_security
25051883,politics
29514578,politics
25328772,healthcare
28357800,environment
16762124,social_issues
26199551,immigration
15771887,education
11084876,economy
31696963,immigration
18690272,healthcare
25992070,politics
24388470,politics
26571622,politics
25666787,politics
20966258,politics
32301637,social_issues
19890164,environment
29670004,healthcare
30632832,politics
13702405,economy
7096675,politics
17943385,politics
18394828,politics
12205395,politics
11739745,politics
26995382,politics
32604218,politics
20211559,crime_law
28731337,economy
29387850,crime_law
29642815,politics
10934025,healthcare
18021234,politics
27933568,politics
26664422,politics
28272457,terrorism_security
12366486,education
17485722,politics
24431679,politics
27175310,politics
20259976,politics
9046904,politics
26761039,immigration
17906112,religion
26893759,politics
30026038,politics
22660484,crime_law
16350272,education
23983339,economy
26845940,politics
27403291,immigration
11170110,technology
24420466,politics
17499526,healthcare
23598822,politics
27865553,environment
29455100,politics
22441877,religion
26387781,immigration
13198302,politics
16441339,politics
22489227,religion
12038373,politics
25663385,economy
29369557,terrorism_security
11285554,politics
32746841,politics
15609883,politics
10869396,politics
12358244,politics
16278726,education
22831586,technology
22832660,terrorism_security
31082099,terrorism_security
27722680,politics
18852649,politics
29405071,technology
23440389,healthcare
23252879,economy
22070679,economy
24565759,technology
11142634,immigration
19512237,economy
14588647,environment
30625193,politics
32879280,politics
23187576,terrorism_security
30821712,terrorism_security
27287248,politics
20813289,politics
20747940,environment
10749814,politics
17493027,politics
19234644,education
18666605,politics
32926825,immigration
31789981,politics
21293240,politics
20893866,religion
21179595,politics
20199878,politics
26023945,politics
31388410,economy
32499455,environment
27791333,immigration
28955226,politics
30391922,politics
31727364,politics
12468271,education
26484221,immigration
20959491,politics
23545818,education
10030963,economy
13325277,economy
10869374,education
21419211,crime_law
22882822,politics
26115777,education
30606967,politics
26389432,economy
27853698,politics
16059597,politics
17158564,education
14157485,religion
19999874,politics
26483292,politics
10713368,social_issues
32879856,politics
31449722,healthcare
29030490,politics
13201485,environment
29805755,politics
22229326,politics
28423438,environment
12612893,politics
24552544,politics
26793261,politics
7879189,social_issues
11243660,politics
15734273,politics
32087934,politics
7605770,politics
22031682,environment
27980194,economy
31742899,religion
18122221,immigration
28995692,politics
18131098,education
21030488,politics
21820448,politics
8616440,education
14050679,religion
23812631,politics
32338471,politics
27725234,economy
22359531,religion
30046655,education
32573008,politics
20144092,politics
21465873,politics
19948816,economy
19767771,environment
8718582,environment
19155917,politics
31800325,education
16480581,crime_law
23395537,crime_law
25817790,economy
26882159,politics
19193195,politics
19260516,politics
31291638,healthcare
32398125,politics
22821691,terrorism_security
18357133,politics
18997562,environment
25763192,politics
27508948,religion
18478269,crime_law
23545860,politics
32774517,politics
29483681,crime_law
21147510,politics
27571292,economy
15734269,crime_law
32497815,social_issues
15656751,education
26635466,politics
9088546,politics
17309702,education
11698733,politics
29858672,politics
31235014,economy
27616741,politics
32163847,politics
17644629,politics
24299962,education
28705123,religion
13359533,healthcare
21331661,crime_law
18477995,economy
22997369,politics
21959702,technology
19870966,crime_law
23254709,crime_law
29569924,politics
12523113,politics
21578278,politics
32926886,politics
15597718,economy
29384402,immigration
10586347,economy
29289306,education
21623785,politics
25812310,politics
31470392,religion
31316098,economy
30168052,politics
11584722,economy
13272824,politics
19609445,healthcare
15503778,politics
19153726,politics
11209063,economy
30259556,politics
32290288,environment
27109156,politics
17332915,healthcare
14612526,healthcare
32071554,economy
24565777,politics
29717540,environment
32373808,economy
27388857,environment
19704906,environment
26360289,economy
28348066,politics
25852078,politics
26006809,economy
13319627,politics
17711329,education
29710275,crime_law
14266528,religion
26041816,politics
31427516,terrorism_security
29409643,religion
14491748,environment
21887449,crime_law
26887952,politics
30798029,politics
22590751,politics
21055774,religion
8996700,environment
19639369,crime_law
27607030,social_issues
15142837,politics
15590034,politics
32013536,economy
16758865,politics
10813439,education
26722650,politics
30003218,politics
20940756,politics
18055930,immigration
20627777,politics
14323324,religion
31464598,education
30275859,politics
14954989,politics
13486676,crime_law
22613411,environment
9942689,education
32483206,politics
30120071,environment
25784108,social_issues
19911352,environment
12426834,politics
27353020,religion
22041303,education
31660992,immigration
24649804,environment
23510995,crime_law
9934348,politics
22497817,religion
31727993,politics
21032688,environment
29514753,politics
27516771,religion
26950887,education
10198519,economy
9607193,politics
28814768,healthcare
26551328,politics
30259443,economy
22832397,education
20566396,education
29593225,politics
23667130,politics
20884077,immigration
19088323,politics
21046030,politics
25489080,economy
32498319,crime_law
19355298,education
18200187,immigration
32970512,crime_law
26887006,politics
32865659,politics
18372092,politics
26463412,politics
24599918,politics
21802147,politics
8981162,economy
29929270,immigration
21737913,environment
7870191,immigration
14816960,healthcare
33053764,immigration
32924694,politics
8981199,politics
32603753,politics
20584451,environment
26197127,education
12943962,politics
12044933,politics
23226179,terrorism_security
7284384,crime_law
9049909,healthcare
25369940,social_issues
18623038,politics
31974015,politics
32349267,technology
11017537,economy
32572833,politics
18801847,economy
13814949,technology
17817032,politics
15379289,politics
12002990,politics
23790473,politics
13338436,immigration
32825167,education
15656715,politics
12595181,politics
9552951,economy
26625848,politics
9468281,politics
21993639,politics
28929770,economy
25784337,technology
31936046,immigration
32848587,politics
19451455,economy
32374019,terrorism_security
8987654,religion
7158424,politics
26259650,politics
12884424,environment
26745917,economy
14168845,education
28746785,politics
30184446,politics
30253643,politics
30717406,immigration
25954098,politics
32836823,politics
14914529,politics
30946848,religion
19275200,technology
31957926,politics
21859859,education
21294146,terrorism_security
22859366,politics
16629349,politics
29920633,environment
23195077,economy
30506696,education
27791123,politics
31458982,politics
33010290,politics
25594962,politics
18929634,politics
30611197,politics
18919949,crime_law
10841311,economy
32450897,politics
32904835,politics
19946283,politics
19537551,crime_law
29943621,religion
9017719,politics
32775277,politics
18906965,economy
20884087,technology
19495555,crime_law
8354440,environment
31519796,immigration
25876362,immigration
13393031,crime_law
26958176,politics
26626437,politics
18636097,politics
26912779,politics
20161330,healthcare
29840129,healthcare
11866667,economy
25733772,environment
26950822,politics
26440742,politics
12322083,social_issues
8410492,politics
20275061,technology
13876000,politics
18924862,other
23996997,economy
17829753,politics
22839404,education
27587177,politics
12770566,technology
11590368,education
30423670,religion
30190815,politics
26146915,crime_law
14933882,education
29534302,education
23482269,politics
25904759,politics
27853458,economy
21332975,politics
13196146,technology
13045413,politics
15429022,crime_law
25405906,politics
27445009,environment
24254907,economy
31719873,immigration
26006040,politics
27896251,crime_law
26048781,politics
21154663,technology
32172319,immigration
15571896,politics
31697478,education
8508794,politics
15788438,healthcare
32879115,economy
14039810,education
32278732,healthcare
7311834,politics
26749675,politics
19133525,technology
16235558,politics
27284617,religion
12043923,politics
25249936,crime_law
17472910,immigration
20307815,politics
25881705,crime_law
23603559,terrorism_security
29929971,healthcare
26504892,politics
28555139,politics
17332407,politics
31930773,education
21452668,terrorism_security
17906081,environment
15420906,environment
23585010,politics
23440363,environment
27851863,technology
19431656,healthcare
29805674,politics
30000832,politics
33010454,politics
31616143,politics
20101037,politics
30619632,politics
18218869,healthcare
9623677,politics
23044015,crime_law
12489445,sports
13867534,technology
14061569,economy
11542119,politics
32319203,sports
13583783,crime_law
26337638,politics
26844199,politics
32091358,crime_law
30019468,religion
18784774,economy
32113079,immigration
16488226,politics
13048608,politics
14570359,education
22191510,technology
30020390,social_issues
11559826,economy
18995528,politics
28279312,politics
9296018,education
19286515,education
8980035,religion
29117810,education
29299206,politics
32408940,politics
32931267,education
19885833,terrorism_security
16540845,politics
20484259,politics
27375968,politics
29920835,technology
28078527,politics
23209661,politics
24442030,politics
16608019,politics
22607554,environment
25414017,technology
23225310,economy
26464579,religion
24730884,politics
13117337,technology
27081030,politics
14917148,education
12288568,politics
25613373,politics
30966204,education
7460761,crime_law
26230640,environment
15419335,politics
14948568,politics
8749279,technology
23320243,crime_law
12394547,politics
27818473,immigration
30530244,politics
17718362,politics
23851006,economy
12032223,politics
13581949,technology
27616180,politics
9234617,economy
31950546,technology
32429995,politics
30019623,crime_law
27637057,terrorism_security
25541358,economy
26428075,healthcare
15324726,healthcare
26342014,education
19377387,economy
30210771,immigration
16661277,politics
21133679,economy
8718559,economy
24759214,education
19473366,sports
13814965,technology
30634698,politics
24326547,economy
29494028,crime_law
31199614,politics
27932642,politics
13514528,crime_law
20842873,politics
12371884,healthcare
6994760,economy
27251717,education
10108172,politics
18395520,technology
21705532,politics
22607511,politics
16462714,education
27392203,terrorism_security
9175062,environment
10527549,healthcare
32539423,technology
21329044,politics
28815854,education
32565400,politics
23227924,economy
29944241,politics
27550303,crime_law
21959724,economy
28156375,crime_law
26626422,environment
31975492,immigration
22275374,politics
10763895,politics
19088334,politics
24832696,social_issues
22152050,politics
28663570,politics
18056386,economy
17933940,politics
27307352,religion
31540028,politics
30472250,technology
26115657,politics
27583790,politics
15636708,technology
26897401,politics
28077650,education
10556177,healthcare
19355276,economy
18706645,technology
26096537,economy
12351880,politics
8356107,education
31336973,politics
17619321,crime_law
16279953,environment
13316854,politics
22771826,politics
30764169,politics
11876893,politics
26587805,politics
12915419,economy
23160602,education
28462603,education
27954558,politics
19842081,politics
28382249,immigration
27637804,politics
11579488,immigration
27179936,healthcare
24416814,politics
26883457,politics
18031911,politics
31122827,religion
28466632,economy
12144793,environment
19578005,crime_law
30530184,technology
25372004,politics
31599791,social_issues
14611471,politics
13695594,politics
10932004,social_issues
30937666,terrorism_security
24698285,social_issues
24459445,politics
30613879,education
32022298,technology
28272617,politics
25904360,politics
24893726,technology
28399833,immigration
14241046,crime_law
29951998,social_issues
29608297,social_issues
15196872,politics
32293466,social_issues
15096184,economy
15032413,politics
29569964,social_issues
25943653,politics
11844156,economy
29678232,politics
19970342,politics
14746307,politics
19395285,crime_law
25002816,politics
27022611,healthcare
10947253,politics
25098970,economy
9532037,politics
19602451,social_issues
27306227,politics
25908348,politics
16372572,environment
18056398,politics
17967563,politics
24963637,politics
11650486,politics
22309794,healthcare
17912742,politics
12019831,politics
15232166,politics
15829916,social_issues
22987563,healthcare
28352860,politics
32430114,politics
22751410,healthcare
30347198,politics
30506063,religion
30939514,crime_law
26814361,politics
12614501,politics
24349805,education
29266448,economy
27051297,technology
32463961,immigration
24281617,politics
16982181,healthcare
18036639,religion
17883668,economy
16750252,education
17470665,technology
25553895,healthcare
21643218,politics
13903137,religion
22590971,education
32204465,economy
30716904,politics
26807855,politics
13464858,environment
19193189,politics
7779669,politics
24704035,education
20606994,politics
30501780,politics
30706654,politics
11713775,social_issues
17926583,politics
28466969,economy
21252026,terrorism_security
30824689,crime_law
26220867,immigration
17442607,politics
10809725,education
14570850,economy
15949872,crime_law
28328740,politics
21429265,politics
16929985,politics
15552596,social_issues
13318097,sports
27975520,politics
30096837,economy
13205288,politics
11833001,environment
16273850,terrorism_security
32688487,crime_law
28223696,immigration
12144498,terrorism_security
27923650,religion
30106286,healthcare
32657532,politics
12327259,economy
29727372,environment
21578246,social_issues
22239135,politics
29282579,healthcare
25188415,politics
32804170,immigration
24989585,politics
23700690,religion
31198376,politics
13674093,crime_law
19768103,politics
19737495,education
11742623,politics
8910487,sports
27128714,politics
32824010,politics
22053357,politics
25797523,sports
31205599,politics
30506857,environment
29764868,education
14406909,healthcare
26147272,environment
28791923,technology
13449065,environment
15324734,education
25039604,politics
31644670,politics
11795545,environment
28224880,healthcare
25609744,politics
17598552,education
27281681,terrorism_security
12445818,technology
26339960,politics
24939711,sports
13295851,environment
32672022,politics
8206092,politics
15558420,economy
13448552,crime_law
18208281,politics
17676493,healthcare
29983723,politics
31351065,terrorism_security
10200251,technology
7021262,politics
19963703,politics
20588490,healthcare
29319406,politics
11667231,education
28747277,politics
19888036,social_issues
25876207,economy
17226537,education
9750414,religion
26361083,immigration
21658920,politics
30090196,politics
17097514,politics
30020823,immigration
33054436,politics
12573303,healthcare
27215996,politics
18478032,politics
29082375,social_issues
29359814,terrorism_security
13547041,crime_law
20334950,terrorism_security
32266670,environment
23023469,politics
25867616,politics
26181283,politics
22163578,healthcare
11714708,politics
31056236,social_issues
22375452,religion
13483849,politics
24797344,politics
25548883,politics
28344977,crime_law
25993969,crime_law
20476668,education
24946466,environment
17499679,economy
11665901,crime_law
32249292,politics
12163884,politics
33057887,politics
33058040,economy
28804280,immigration
7015466,religion
16146003,healthcare
16277915,education
14065030,terrorism_security
17380742,crime_law
8673665,economy
7869957,economy
22515164,economy
22187185,technology
21680863,economy
29062711,social_issues
12301157,politics
30571341,politics
8303672,healthcare
32461979,politics
23875102,economy
14657740,healthcare
29184360,technology
17816899,religion
17298477,politics
17040723,politics
33053674,economy
26463892,environment
16625310,technology
13079423,healthcare
11730522,politics
13751626,politics
15992007,politics
18076572,politics
32452521,politics
15131566,politics
23383379,economy
24625081,politics
22274774,environment
12154172,politics
14470953,economy
11418189,environment
26250103,economy
22382836,politics
16267782,politics
26053380,environment
13905100,crime_law
8466731,healthcare
19737911,crime_law
12445332,politics
11811373,economy
7264832,education
26361236,politics
29184008,economy
28026597,economy
24386991,politics
27376738,religion
24004759,environment
21565909,environment
30219088,crime_law
22082507,religion
8078159,economy
12463190,politics
32324463,sports
24092349,economy
17186071,economy
26690262,politics
24939832,crime_law
17482689,politics
12664211,healthcare
27307796,terrorism_security
19256534,crime_law
14224364,religion
14740206,politics
13668699,crime_law
11743058,politics
7340001,politics
31697013,education
23278325,crime_law
22152128,economy
21803783,crime_law
26151235,religion
25763015,politics
18232749,politics
19260371,immigration
7902215,politics
14811870,crime_law
27819126,politics
27306077,politics
20959483,politics
20052859,crime_law
31418775,terrorism_security
31229817,religion
9336246,economy
32874704,politics
32151195,economy
29724440,education
26418815,politics
19161397,politics
7296268,education
14602891,economy
15928201,technology
9237644,technology
19396824,crime_law
32622590,politics
20076367,education
14968433,education
31464244,environment
23949998,economy
30183291,healthcare
19664297,economy
26741796,politics
26957709,politics
32367526,politics
11866603,education
8535391,politics
32577750,politics
31289555,politics
14895025,politics
22360163,terrorism_security
20566515,politics
21203894,economy
27931063,healthcare
26367571,politics
24135094,crime_law
27180070,healthcare
27056043,environment
28488278,healthcare
27550301,environment
29739425,environment
13316877,healthcare
8114824,crime_law
24398966,economy
23117381,terrorism_security
22383222,terrorism_security
31447415,technology
18462377,politics
28386171,crime_law
23279298,education
28815605,economy
15027360,crime_law
18059995,education
15962456,politics
23482364,healthcare
19184880,politics
24731318,education
17649460,politics
26275135,politics
17384193,healthcare
32357872,politics
32176077,technology
15792773,politics
29484587,politics
26760676,politics
18330726,immigration
9965530,environment
31220198,terrorism_security
25027795,politics
9781647,politics
30428285,terrorism_security
10915088,politics
6931835,crime_law
14036115,religion
8410607,terrorism_security
30713482,immigration
24162226,terrorism_security
15804281,politics
7253232,immigration
12569853,economy
18001997,education
8901119,religion
31914903,technology
28890015,economy
22423577,religion
13151259,environment
27218772,economy
26228215,education
27752355,environment
27170237,environment
12892670,politics
7018634,technology
31800686,sports
18980450,economy
27931795,economy
20306190,religion
16809511,economy
16705074,environment
19625747,politics
18951307,environment
31826105,politics
26048705,technology
7975889,economy
10791308,crime_law
28004514,crime_law
24301937,politics
11795465,technology
20991303,politics
29790837,healthcare
18373067,politics
14677035,politics
32293161,immigration
10099582,environment
7536689,politics
23774764,technology
13220110,crime_law
28597714,economy
22485040,economy
19436344,politics
31677533,politics
9317535,healthcare
26995241,crime_law
24781959,politics
12299090,politics
21426758,politics
25006589,politics
32904069,healthcare
20566276,economy
16892532,economy
16670511,crime_law
26813887,crime_law
10199024,technology
28370250,crime_law
29082782,technology
22758865,politics
26227699,immigration
15435340,other
18047340,crime_law
15649542,politics
12394508,economy
29635917,education
21642629,environment
20975218,terrorism_security
24171056,education
18891292,immigration
19557013,sports
13041903,politics
30474884,politics
13049867,politics
32932601,technology
21578232,economy
31291564,politics
22458385,religion
16845904,education
13708395,other
23320311,economy
16661053,crime_law
16732791,technology
15968475,economy
26373885,politics
15577208,religion
25566610,politics
23760947,education
20056515,terrorism_security
11943390,politics
19234762,terrorism_security
22236363,terrorism_security
17562312,economy
10514619,economy
26541228,immigration
31065266,politics
29380387,healthcare
28975812,politics
19871248,education
25039792,social_issues
30046917,politics
22658344,religion
30112566,politics
23584567,politics
9174532,economy
13695379,crime_law
20346364,technology
26793653,politics
28844713,politics
9623584,environment
11973517,politics
29668617,education
28781118,immigration
20280539,politics
24040902,immigration
26904315,politics
15580839,environment
11181229,technology
16803230,sports
32970744,technology
9869958,crime_law
27933369,immigration
17185144,education
12893839,environment
22900905,politics
14909494,education
29384864,terrorism_security
10798463,environment
17834090,crime_law
25246471,politics
9129832,education
24214151,politics
31848710,politics
7028879,social_issues
20863745,religion
29116987,social_issues
28094280,technology
22930442,politics
12032501,politics
11259812,religion
32653710,economy
30004148,environment
28817845,crime_law
7445707,economy
28460992,economy
29264212,politics
21504340,environment
23620688,crime_law
13791657,environment
26464730,healthcare
28804997,economy
13074877,politics
28350774,religion
30615045,politics
14665372,education
8276117,politics
25004342,politics
19719988,politics
14830765,technology
28079345,technology
24015272,crime_law
18567547,economy
9943718,religion
12301012,politics
17859622,politics
23304237,politics
23440429,politics
17502979,politics
20204695,education
12185610,technology
23628775,crime_law
24882127,terrorism_security
24674728,crime_law
32261484,sports
25559599,crime_law
32993373,politics
9939885,politics
12445744,politics
9707992,education
27265680,terrorism_security
29823570,sports
21387475,technology
22129805,politics
11246363,politics
27484776,politics
30901554,politics
27468535,immigration
24864481,environment
31860291,politics
22070262,economy
31800929,religion
22409800,economy
11995279,technology
16507240,crime_law
25066075,politics
22130187,economy
31914328,education
26960757,politics
8798889,technology
28888887,economy
27475500,immigration
28676610,politics
9317467,economy
8305275,terrorism_security
32776713,environment
17069460,crime_law
16034846,politics
25566492,terrorism_security
32478679,economy
13941381,economy
20280464,healthcare
25959922,social_issues
31498825,politics
11694211,economy
25052877,technology
6992362,politics
12023737,politics
32451354,politics
7339810,politics
23701486,technology
14272246,crime_law
25971277,terrorism_security
13116708,environment
21293639,terrorism_security
21123856,technology
21835226,healthcare
15552285,economy
25485932,politics
17586295,politics
24459857,healthcare
28746915,politics
25327995,technology
16910686,education
28568039,politics
18812139,technology
20924259,immigration
25876307,politics
16344189,politics
30495617,environment
19234676,politics
13576567,economy
29774194,religion
24761811,education
30189796,terrorism_security
21138368,religion
30747410,politics
17701994,politics
25608277,healthcare
25836229,crime_law
19911344,politics
22672289,crime_law
12235270,healthcare
31537479,social_issues
16176713,crime_law
31937572,immigration
18768452,education
21348261,technology
32473797,politics
14213384,religion
9560925,terrorism_security
32804705,politics
27566968,politics
22643643,politics
23427570,terrorism_security
15935637,economy
19890289,economy
27670469,politics
24283993,politics
25653158,politics
8482089,technology
24025744,crime_law
13331003,politics
29425530,terrorism_security
21973069,education
20806046,politics
28225295,politics
25725559,healthcare
10645044,politics
31852643,healthcare
23320792,politics
12821569,economy
11436337,politics
31317723,sports
15316641,politics
30253397,politics
6935101,education
22543214,economy
15849107,economy
20180124,economy
29036977,economy
22819205,terrorism_security
7857305,politics
26195459,politics
14406605,crime_law
10601082,environment
17945286,politics
12434825,politics
20093650,crime_law
11698749,politics
28775343,politics
32709632,technology
19571563,healthcare
26147740,crime_law
29003409,terrorism_security
19764919,terrorism_security
32112371,politics
23854302,politics
21678148,economy
19325141,economy
30253490,politics
22487481,healthcare
32088828,politics
19768238,crime_law
29792195,environment
22094936,terrorism_security
8798142,economy
10822978,politics
7569800,politics
12282910,economy
15530249,politics
9919009,politics
31955707,technology
13578514,education
11193115,healthcare
18375312,economy
29629512,terrorism_security
24099894,technology
26263925,sports
22832603,crime_law
32357819,crime_law
27669712,politics
23458917,healthcare
18915380,economy
16745709,environment
28387572,crime_law
17414176,politics
28659297,economy
29920326,economy
29809990,politics
24050484,economy
15815931,politics
16405795,education
15240629,politics
14450045,crime_law
10674115,politics
31122484,terrorism_security
27509852,economy
13295853,technology
11606920,immigration
17532668,crime_law
21291962,politics
23453424,economy
15809360,technology
15122092,politics
27127736,politics
26672641,technology
31123658,politics
16314768,politics
25901407,politics
17102502,politics
11285469,politics
10251782,economy
20171956,religion
26556228,politics
9236840,politics
23878595,education
14370971,economy
23628583,religion
12786371,politics
11620698,politics
31605288,education
24363093,religion
31599667,economy
28817695,crime_law
27779111,economy
26943330,politics
29694364,politics
26638718,politics
30929037,politics
30384483,economy
23965259,crime_law
22247123,crime_law
31909648,politics
15513300,politics
29219395,politics
11693015,politics
20180340,crime_law
11434593,politics
7536845,economy
26226480,immigration
23334065,economy
17618362,crime_law
7766669,economy
13903146,economy
12073785,education
28790748,crime_law
23296659,education
15907635,crime_law
11907229,politics
19762097,crime_law
19767541,technology
9335818,economy
13886830,politics
10193881,crime_law
32015353,terrorism_security
8765756,religion
26503724,politics
24072170,economy
30507031,technology
22710583,politics
30571799,religion
13814943,crime_law
25911708,terrorism_security
11395088,economy
24343419,politics
31777511,technology
30457819,crime_law
17642490,politics
16773515,religion
17860310,politics
15268846,politics
14347091,politics
31571998,politics
20598876,politics
8941991,economy
22204450,technology
11698722,terrorism_security
27237819,education
17598253,crime_law
16080664,politics
15631389,politics
7367223,crime_law
12745136,politics
17832282,technology
27303262,terrorism_security
28157058,environment
23670062,politics
14078938,education
32576667,education
29910156,politics
27954629,economy
25045688,environment
29799974,politics
29299559,politics
27898273,healthcare
30782548,religion
12008542,economy
24729955,economy
25066225,terrorism_security
30073856,politics
23308420,crime_law
30131537,other
11778418,economy
14151404,education
32278938,religion
19607475,economy
15684784,sports
7924447,politics
21886003,crime_law
15400852,economy
8188151,crime_law
12840225,economy
11841998,economy
29021257,politics
19881794,crime_law
25783268,technology
14532245,politics
19108620,crime_law
25413911,politics
16462745,healthcare
31381614,politics
31394308,religion
30562514,politics
9602111,religion
12137497,economy
13269419,economy
31142729,economy
8952216,environment
23321418,economy
15446274,religion
13240182,crime_law
12245820,crime_law
28744570,politics
30926538,crime_law
16413031,politics
14926816,politics
26115596,politics
7888730,technology
13498165,economy
28888508,politics
11717422,technology
27051288,economy
21563864,economy
28532210,sports
13105827,environment
12135759,politics
8077946,environment
12934330,crime_law
7538424,politics
26385163,politics
15652032,politics
24698136,politics
23111908,healthcare
28744045,economy
15741406,education
33052108,economy
30768477,politics
16236513,economy
13814972,terrorism_security
9234600,religion
31648725,immigration
29030440,politics
28228455,crime_law
31295522,economy
17357913,crime_law
31381639,technology
22329693,social_issues
21481849,environment
18459188,politics
7177302,healthcare
29805600,religion
19133323,politics
27108365,politics
15324696,education
18757183,immigration
21504081,education
11935330,politics
25672460,technology
11778246,politics
23160916,politics
25663593,politics
29452220,politics
21779673,crime_law
23545770,crime_law
13080671,economy
12725889,politics
12825020,politics
9468954,religion
22358012,terrorism_security
12695248,politics
11881474,environment
29553145,sports
25175186,economy
20608523,politics
13564028,politics
32338990,politics
22165729,religion
29711483,politics
32694649,politics
17942327,economy
11717275,politics
29904241,politics
24498401,crime_law
29912274,politics
29333884,terrorism_security
32450922,politics
12573341,politics
16074220,economy
26326843,politics
26227041,politics
6873483,environment
24329853,crime_law
25341357,religion
22066223,crime_law
14892866,religion
11636413,terrorism_security
30020007,politics
16724305,economy
24002162,economy
13295395,economy
13464882,religion
13400823,crime_law
24565583,immigration
13966847,economy
30692142,politics
26504484,politics
19680751,technology
9369079,education
29546188,crime_law
22643625,healthcare
22246132,economy
16680743,politics
26851501,politics
29533876,politics
27653335,politics
13534242,environment
31599702,politics
20736757,healthcare
13939363,technology
8148703,crime_law
27326661,terrorism_security
22611162,politics
11712162,economy
19191363,healthcare
17860024,politics
12293766,terrorism_security
24520679,politics
15503777,education
14332725,religion
10798255,technology
14581126,politics
25413801,crime_law
9966416,economy
31692545,social_issues
7969542,education
26055674,education
21354222,terrorism_security
9552917,economy
16724279,environment
29004127,healthcare
25541257,environment
23322748,crime_law
27286044,terrorism_security
19626910,crime_law
23812621,healthcare
21745050,crime_law
21002326,environment
21055867,technology
22457601,environment
29264416,religion
25235615,politics
16738128,sports
27909951,healthcare
13240121,politics
9982148,economy
27123188,technology
13957176,politics
20921845,terrorism_security
17678773,crime_law
12632101,economy
23349944,politics
16746771,sports
31210788,technology
23562195,education
25725494,healthcare
12768160,politics
31459239,other
21005170,economy
14928534,politics
30760916,crime_law
31838978,economy
17368619,economy
10449504,environment
23545970,politics
29021955,technology
28604774,crime_law
18459108,politics
24455836,politics
18930209,crime_law
11140754,education
31860776,politics
27164326,crime_law
16147624,politics
20350107,economy
14270413,education
24252074,education
29527255,other
28681535,crime_law
7039202,economy
15580843,environment
7437935,crime_law
10914114,politics
29189632,politics
11805809,economy
8127362,politics
13337953,politics
17174267,politics
22528325,education
19523276,crime_law
17610287,crime_law
27411691,immigration
13815907,economy
22837331,crime_law
20912608,terrorism_security
18089478,education
27036548,environment
11738514,religion
7915335,sports
28814433,healthcare
11689508,economy
31498601,crime_law
22532639,religion
11999486,economy
10157546,terrorism_security
26943151,politics
29342754,politics
27306638,healthcare
30050009,sports
21094270,economy
16254959,economy
16075404,religion
10365821,politics
20144410,crime_law
13320623,politics
6968196,politics
11906661,politics
11695646,politics
19556504,politics
20377389,terrorism_security
23495095,social_issues
16661878,politics
26167435,education
15768057,education
16088703,politics
13035562,technology
13400934,education
22016864,crime_law
30824097,politics
17925023,economy
31930829,crime_law
17015765,environment
30831823,religion
12219357,economy
31728320,crime_law
8754199,economy
14423791,healthcare
13309324,technology
11866552,politics
16372532,politics
26428557,politics
15470499,economy
23242595,economy
15671122,politics
8158816,technology
17578926,crime_law
7844760,technology
20991274,environment
14739754,economy
22228465,crime_law
27933664,politics
28544886,politics
27973165,environment
27022006,social_issues
23648361,economy
26341743,politics
23907440,economy
25477511,economy
9843255,economy
30003804,healthcare
17905969,other
17271450,technology
23760328,crime_law
24863562,politics
20980918,politics
27965975,politics
26140463,technology
11783704,immigration
29425239,crime_law
21962079,politics
26638628,politics
23766839,politics
16503582,politics
14175830,politics
24140231,crime_law
27652245,immigration
13271868,politics
17069431,politics
24826056,environment
33026528,politics
16705238,politics
6891037,politics
29717722,economy
12146630,politics
32446913,healthcare
28787837,sports
19818348,terrorism_security
29037873,politics
22793877,religion
14619186,technology
27750341,healthcare
25960825,politics
12901815,politics
15837684,economy
16059313,education
29369773,politics
24002224,economy
17815249,healthcare
22202022,economy
30747243,terrorism_security
10762639,economy
15019936,terrorism_security
22986873,terrorism_security
23111897,politics
30224220,religion
22247585,economy
23339765,crime_law
19301640,crime_law
21821226,social_issues
30112395,healthcare
10705901,education
13118294,environment
8158602,politics
8737147,technology
13725994,politics
30507137,politics
25142690,politics
19533863,terrorism_security
13767948,crime_law
22540614,politics
16398062,politics
27460094,politics
25217039,politics
12604709,politics
25519367,politics
11935173,economy
19432228,healthcare
16983721,healthcare
12143798,politics
12245332,economy
23111923,economy
9831465,economy
15485670,social_issues
13534011,technology
8077703,religion
17382818,sports
21385229,politics
18461606,economy
8982999,politics
12271689,social_issues
12108508,economy
29514640,politics
14310961,religion
19004348,environment
25594628,technology
13835602,politics
30414897,politics
11897974,education
13584395,sports
10352910,crime_law
24389755,terrorism_security
27185790,healthcare
13204987,politics
29070764,economy
22473282,healthcare
19215002,technology
28060850,terrorism_security
20500164,technology
27325400,terrorism_security
10374471,technology
13486597,environment
22644121,technology
16124681,crime_law
11843012,politics
30686641,economy
16057802,politics
16023053,education
27747138,terrorism_security
26352002,immigration
21445732,politics
13001078,healthcare
12595502,terrorism_security
21293211,terrorism_security
14150639,politics
15359620,politics
8415327,politics
24101210,politics
17926392,technology
13351559,economy
14590737,environment
30937923,terrorism_security
28920625,social_issues
17131989,economy
16774018,crime_law
29252952,politics
21967221,social_issues
32696265,politics
32954000,politics
23149620,politics
29119877,politics
30066572,immigration
10600120,politics
23667013,social_issues
8188203,healthcare
29636734,politics
12936621,politics
12896237,politics
25249844,politics
12660473,politics
20959476,healthcare
31382232,politics
16823409,religion
26345267,environment
16625142,economy
21113553,economy
13816105,economy
10507050,education
26151269,politics
14110672,education
11973183,politics
21702419,politics
12392031,crime_law
28843172,immigration
16413952,politics
12463814,technology
28884227,healthcare
15122161,politics
16487565,technology
24030095,technology
13749352,politics
19287922,economy
17097813,politics
31255968,politics
13815421,religion
9295486,economy
13932226,religion
32174021,politics
28680324,environment
13200030,economy
22793639,politics
14059552,politics
25421365,politics
24058562,healthcare
30307073,politics
30339294,economy
20698761,politics
31393784,politics
15928185,economy
7354208,politics
27200333,politics
14302377,terrorism_security
29294152,immigration
31582539,politics
13903186,politics
20795994,crime_law
22514958,economy
11566614,politics
11566552,healthcare
27121972,politics
15770101,economy
23232598,technology
20648453,politics
15540015,politics
15690258,other
9146068,social_issues
9897809,politics
20274623,politics
23566882,technology
6928550,crime_law
28020934,education
8133369,other
18915264,environment
30274801,politics
30304223,healthcare
28544952,politics
20058923,technology
28679814,economy
31349345,politics
10176957,economy
25065594,healthcare
32292025,politics
30180460,environment
29379888,politics
17916327,economy
7454382,economy
28351566,crime_law
17634215,politics
25027187,crime_law
22729530,politics
11174065,technology
32220243,economy
12503011,economy
21032566,healthcare
9696679,crime_law
15099356,politics
27667676,politics
9968038,education
16397865,technology
29152035,economy
19584554,crime_law
24701801,politics
25149957,crime_law
10449569,politics
29039885,economy
28518686,technology
18763587,economy
7252958,politics
26589948,crime_law
21002764,crime_law
13769781,politics
13724965,religion
11876389,politics
28403383,politics
16444429,politics
26625658,politics
22038383,healthcare
12846224,immigration
26992873,politics
12701685,technology
13402206,politics
12745446,crime_law
18900112,crime_law
24612732,politics
9273890,terrorism_security
10678137,terrorism_security
29560293,healthcare
13669172,immigration
13513309,healthcare
11618013,economy
19506781,crime_law
24015150,politics
18944012,politics
24577291,sports
15397314,politics
7998247,economy
30130762,crime_law
13294602,economy
21372498,politics
29929515,religion
18606842,economy
24827588,crime_law
23570842,terrorism_security
12135766,economy
11953755,politics
14387181,politics
31271844,crime_law
14425445,education
8616435,economy
19552587,crime_law
13043182,technology
15944796,education
11642057,sports
31459366,crime_law
30019601,education
30507650,sports
29388671,economy
13585573,politics
30390422,crime_law
24651286,politics
11076649,politics
9029037,immigration
31460256,terrorism_security
29149379,politics
22003492,immigration
8767543,other
21152267,religion
29792929,technology
26098342,crime_law
23880848,crime_law
15942224,politics
28543410,healthcare
26318917,immigration
27066673,healthcare
19487645,terrorism_security
20749523,politics
24002101,politics
7381014,technology
31931797,economy
14622511,crime_law
10664421,education
26587549,religion
6937647,crime_law
11692623,economy
29758745,terrorism_security
28922048,economy
13621420,economy
15570680,environment
15503086,terrorism_security
29575427,politics
25004184,politics
10320077,economy
13566739,environment
6838514,politics
29152598,crime_law
11251554,politics
8220322,politics
25504736,politics
22532896,politics
18042235,crime_law
17133298,social_issues
29154654,technology
28136132,politics
22130056,economy
16289104,social_issues
15807273,environment
14752735,politics
31265899,crime_law
25083010,social_issues
21993622,technology
11951848,politics
11532796,technology
10819927,politics
9292728,politics
18386965,economy
26055013,politics
30084698,politics
7408513,terrorism_security
15030116,economy
10530326,politics
24747111,terrorism_security
21736287,social_issues
12745230,economy
14678810,social_issues
10583794,politics
12659392,politics
23278600,politics
30829216,immigration
13338440,politics
27954712,religion
20239059,politics
28844556,crime_law
11999471,politics
26637186,technology
22288588,crime_law
20140668,economy
20737149,politics
10275691,politics
9790536,economy
22730502,politics
19113791,crime_law
27866668,technology
14870529,economy
29945224,politics
22750488,terrorism_security
14018608,technology
29499550,terrorism_security
13130626,immigration
13566597,politics
12081808,politics
29763709,education
9789563,crime_law
29574947,healthcare
13330362,healthcare
29669144,sports
16240248,politics
15804000,technology
23410994,crime_law
32738251,politics
13670373,environment
15085097,economy
21353455,environment
26962821,politics
11717795,politics
14893506,economy
30798246,politics
32539250,politics
9475110,crime_law
18641824,politics
11395103,education
26533377,politics
26061509,environment
28760956,healthcare
24625305,technology
19526054,crime_law
10959307,technology
10507009,economy
32658198,politics
14692783,politics
12294236,education
29698228,crime_law
30525896,terrorism_security
20967781,education
18208720,immigration
12894629,religion
20966761,terrorism_security
19653109,healthcare
13013931,religion
8968473,economy
27866090,healthcare
23854578,economy
25404802,economy
20524511,technology
16812006,economy
25418417,healthcare
10809763,crime_law
29299394,terrorism_security
14531691,politics
7975778,terrorism_security
20707340,politics
13608880,education
8466800,politics
24813670,politics
27688143,religion
30171046,healthcare
20893907,technology
13216412,social_issues
10316862,immigration
29534098,economy
25805885,healthcare
14720012,politics
27376604,immigration
13476291,economy
8472432,crime_law
28696488,crime_law
21734253,technology
23986697,environment
12443000,politics
26217365,technology
12293817,healthcare
22889921,healthcare
8711720,crime_law
22883240,politics
17711151,terrorism_security
28329237,technology
31351110,immigration
28328932,economy
12525496,politics
28858282,terrorism_security
29809710,healthcare
21485683,technology
20374186,crime_law
18060537,education
10019010,economy
27637456,politics
32572124,politics
11584071,politics
10953744,education
25537008,sports
19673122,terrorism_security
14706395,religion
9560298,economy
10315174,politics
28964162,healthcare
9565267,education
11746693,healthcare
29117972,technology
7599448,education
11142650,politics
14663164,politics
25633246,crime_law
16560322,crime_law
30119960,healthcare
27376493,environment
15547506,education
12869793,politics
29700278,politics
15148652,economy
14654368,crime_law
27759105,education
17357955,politics
29725729,politics
30495936,crime_law
21311824,terrorism_security
12319048,politics
30253603,economy
30219145,healthcare
29764432,technology
12109648,education
29944680,healthcare
25761746,religion
26549924,immigration
23820366,education
19306192,healthcare
21885896,politics
15167598,healthcare
7903921,politics
24925589,politics
17415426,politics
15269957,politics
13461404,education
13293421,immigration
8753808,politics
20077746,politics
12460723,sports
13539936,politics
11509268,politics
27083382,religion
8148723,social_issues
7656847,terrorism_security
28467086,education
30830606,politics
21152482,social_issues
28517968,other
20898792,politics
32539128,terrorism_security
31046458,crime_law
8276200,economy
13875492,religion
6994118,crime_law
28820375,education
13359558,immigration
13556286,social_issues
27549551,social_issues
27438101,environment
10254960,education
21255152,terrorism_security
17442589,economy
12651824,sports
32350028,immigration
29560042,crime_law
30359054,terrorism_security
26048672,social_issues
15779530,crime_law
12681850,politics
8838178,economy
16826301,politics
25142424,politics
9552756,politics
23453387,crime_law
14460642,terrorism_security
13583671,politics
11716453,education
12271783,environment
6928508,politics
13208564,education
13205779,immigration
25016803,religion
25142542,economy
11685970,education
12375210,politics
18021265,politics
12894193,social_issues
32480941,crime_law
26883437,politics
24733043,healthcare
27198587,politics
10315192,politics
21592166,social_issues
21251940,terrorism_security
13329579,religion
17031390,politics
11672810,economy
17597290,politics
33054112,politics
31403214,politics
12898171,economy
14848521,politics
8800696,environment
8274035,crime_law
27285873,immigration
14076905,other
8654696,technology
28091316,environment
15857467,politics
8985005,crime_law
25761652,politics
12286142,religion
13423452,economy
15519596,healthcare
17790401,religion
27165050,religion
24703989,religion
11807867,politics
22375454,crime_law
21661697,politics
21113615,crime_law
15305463,technology
18726629,technology
9968236,economy
13193789,terrorism_security
7886057,social_issues
29827836,politics
29482018,terrorism_security
8982937,healthcare
8384956,politics
11687214,politics
13200495,environment
10758327,politics
28700302,politics
12965706,technology
12758327,politics
20502399,politics
23273276,economy
13825711,religion
24236607,social_issues
19012126,economy
11846762,politics
9174166,crime_law
12255959,politics
18592759,economy
16847501,education
21428718,crime_law
24519730,religion
26374001,crime_law
6994963,politics
18206406,crime_law
23628796,technology
15657533,economy
19056727,technology
8767086,economy
16068902,crime_law
16794231,economy
16745742,education
8412628,immigration
17332392,economy
29973937,education
25083379,politics
16760009,politics
30561897,politics
16190037,economy
14174959,crime_law
23207117,politics
18594937,crime_law
13629147,technology
21589681,technology
20720227,education
11777658,politics
10160796,politics
9274921,technology
14710956,healthcare
25235930,technology
12108450,economy
29005310,economy
17673557,economy
10248075,technology
8132583,technology
28004717,crime_law
28820464,education
23151152,politics
16657533,economy
13584795,politics
13329728,terrorism_security
12652866,terrorism_security
25671450,politics
15743530,politics
14171612,economy
14153876,politics
7256590,education
11876226,politics
25806219,environment
25208520,politics
12488485,politics
24827422,education
7564320,politics
8417641,technology
27037126,economy
26504012,politics
21049131,education
23232685,politics
11580291,economy
23339836,crime_law
27501626,environment
13777007,politics
9479569,politics
17504852,politics
15001409,immigration
15481225,economy
13584216,politics
23669759,education
22139781,economy
17414167,politics
12735079,healthcare
14405637,politics
9278669,politics
14269279,politics
13371640,economy
27934287,politics
27484535,technology
16638724,economy
23894784,politics
16124606,healthcare
17513257,politics
11869851,terrorism_security
27231062,healthcare
28931234,healthcare
7545324,technology
26167297,healthcare
22176005,religion
22728620,terrorism_security
15319419,economy
14690412,crime_law
13407165,healthcare
12258888,healthcare
10807121,environment
15148358,other
8785281,crime_law
15987729,politics
14033082,politics
9135422,sports
23826163,education
18815344,education
16071247,education
13696054,politics
21422523,technology
26853693,politics
32933652,education
16566977,immigration
15258988,politics
29119631,technology
25805515,crime_law
17025424,crime_law
14310243,religion
12023530,religion
11798445,politics
8313425,politics
14263909,politics
20588364,sports
18024195,terrorism_security
28543808,education
28192370,politics
17481308,economy
10975237,crime_law
29985347,crime_law
25486730,healthcare
13751652,technology
8631978,politics
12108406,healthcare
16242723,religion
30993244,healthcare
26931880,education
12869789,terrorism_security
8990560,politics
30429316,sports
13440965,terrorism_security
25944304,politics
30339754,education
32464022,economy
21413665,economy
15472482,politics
9847157,economy
7903535,healthcare
9583262,healthcare
9539724,healthcare
18378123,economy
11173614,technology
14712141,politics
16908301,terrorism_security
7130425,politics
28250602,terrorism_security
7549622,technology
17968687,technology
13960797,politics
13825824,economy
8365934,environment
22729587,education
17010222,crime_law
16530133,politics
32221846,crime_law
13803789,politics
14709711,immigration
15892875,education
13316865,education
27411862,sports
26133386,politics
12870593,social_issues
29625215,politics
24630345,social_issues
13836147,healthcare
25610382,healthcare
15480821,economy
11797008,healthcare
15198072,immigration
14841459,other
15467361,crime_law
12109564,economy
13852260,religion
18676236,politics
17415378,economy
12365720,sports
13583048,economy
11730734,politics
9563550,crime_law
19320650,politics
6970510,technology
