k,alpha,eta,seed,c_v,u_mass,perplexity
5,symmetric,symmetric,42,0.5113304196809855,-2.216882506937279,-7.894948340707687
5,symmetric,symmetric,123,0.5258875990358244,-2.1397991091471353,-7.885136346445684
5,symmetric,symmetric,456,0.5022733203041481,-2.2197959493357198,-7.882701183950538
5,symmetric,0.01,42,0.5203002312593421,-2.197079361975679,-8.22498714334059
5,symmetric,0.01,123,0.5115916779620502,-2.170271011597584,-8.217252573559943
5,symmetric,0.01,456,0.49412217018949256,-2.24123553103013,-8.213616763253523
5,symmetric,0.1,42,0.5066402628356832,-2.2479685175770214,-7.9426525276413
5,symmetric,0.1,123,0.5221131980500464,-2.164706984832409,-7.9344897151052844
5,symmetric,0.1,456,0.5039611646643655,-2.21456840632216,-7.929811997077416
5,0.01,symmetric,42,0.5020077467641559,-2.232852151170401,-7.848802623589419
5,0.01,symmetric,123,0.530185249173228,-2.1431063129678067,-7.842760284303851
5,0.01,symmetric,456,0.509682018486124,-2.203844523933888,-7.840022999674699
5,0.01,0.01,42,0.513119770565228,-2.163659394662133,-8.199673028411343
5,0.01,0.01,123,0.5299340365344116,-2.1304417994142395,-8.189937156139719
5,0.01,0.01,456,0.5013560578087304,-2.201401696663428,-8.188049293675299
5,0.01,0.1,42,0.4943396158021164,-2.210304862889644,-7.904171697142099
5,0.01,0.1,123,0.5263589210272748,-2.1225312343792355,-7.895491338043871
5,0.01,0.1,456,0.516667453142307,-2.176343171402758,-7.894846124898437
5,0.1,symmetric,42,0.4994087940303283,-2.19276473689245,-7.869706821801984
5,0.1,symmetric,123,0.5229906980119468,-2.1331436912275334,-7.859781412798358
5,0.1,symmetric,456,0.5053123709325581,-2.2205674705741463,-7.857702852589885
5,0.1,0.01,42,0.519645688605989,-2.2008395818467696,-8.209849121872587
5,0.1,0.01,123,0.5214387100122228,-2.1377734383095635,-8.198209158610132
5,0.1,0.01,456,0.5059532586807427,-2.2034744730076277,-8.19597665960016
5,0.1,0.1,42,0.5065930706266538,-2.2437808878746983,-7.919663041968334
5,0.1,0.1,123,0.5180099365540324,-2.1351859118764125,-7.910394498770131
5,0.1,0.1,456,0.4960804967182364,-2.2062327049093495,-7.908925642037059
5,0.5,symmetric,42,0.5081846121715017,-2.2361044126812635,-7.908950401199349
5,0.5,symmetric,123,0.5119700364483415,-2.2034178729722447,-7.898353842152407
5,0.5,symmetric,456,0.4786077356029522,-2.30657162879408,-7.8988997205999185
5,0.5,0.01,42,0.5106403693163186,-2.2298992490607166,-8.229885189647382
5,0.5,0.01,123,0.49194559627869117,-2.2636115169498074,-8.215092362874197
5,0.5,0.01,456,0.48810139541017,-2.2676486725841496,-8.216470457364892
5,0.5,0.1,42,0.5036732169478272,-2.2934524069564435,-7.950650135312953
5,0.5,0.1,123,0.4927015923899852,-2.254637329958224,-7.938734629031502
5,0.5,0.1,456,0.4846825177694921,-2.2820852415729425,-7.939470702777742
10,symmetric,symmetric,42,0.4865900836511064,-2.2765010158034524,-8.039969562561513
10,symmetric,symmetric,123,0.47573327425775674,-2.33527367046175,-8.032203759868338
10,symmetric,symmetric,456,0.49522449817986763,-2.236530441638123,-8.022512024700713
10,symmetric,0.01,42,0.49315253011159693,-2.282414639791928,-8.445892754533244
10,symmetric,0.01,123,0.4793392234750324,-2.2626541297284684,-8.435923197050284
10,symmetric,0.01,456,0.49751136561699916,-2.2514833130747727,-8.426281829316252
10,symmetric,0.1,42,0.4849998276184707,-2.283615508835074,-8.039466486754986
10,symmetric,0.1,123,0.47573327425775674,-2.3373872244954197,-8.03224406066803
10,symmetric,0.1,456,0.49522449817986763,-2.2351632198459166,-8.022706773026531
10,0.01,symmetric,42,0.483274682910133,-2.302109198909251,-7.9871756459923
10,0.01,symmetric,123,0.48601765035299954,-2.236656141571925,-7.984120194429404
10,0.01,symmetric,456,0.5069029770203481,-2.223685036313228,-7.976954159323873
10,0.01,0.01,42,0.48914512342444877,-2.284024002168903,-8.405945101761228
10,0.01,0.01,123,0.48153807976243634,-2.2538070974112787,-8.395722276919173
10,0.01,0.01,456,0.4965033642344264,-2.2388834249078347,-8.389443029252739
10,0.01,0.1,42,0.48292035425727314,-2.3008527897069984,-7.987273620165791
10,0.01,0.1,123,0.487673540713085,-2.239768629327634,-7.983916414447961
10,0.01,0.1,456,0.5081392037793954,-2.2242891517301313,-7.977133866079807
10,0.1,symmetric,42,0.4849998276184707,-2.2831889172435753,-8.039857958380793
10,0.1,symmetric,123,0.479376010622733,-2.326057977685563,-8.03217912799108
10,0.1,symmetric,456,0.49522449817986763,-2.2348904056182817,-8.022492467159138
10,0.1,0.01,42,0.49929238525024544,-2.2703986258076947,-8.445630864502373
10,0.1,0.01,123,0.4766792815031611,-2.2790652736663977,-8.435759749628716
10,0.1,0.01,456,0.49794149553256695,-2.2446747434708127,-8.42637663763774
10,0.1,0.1,42,0.4849998276184707,-2.2831889172435753,-8.039858523966465
10,0.1,0.1,123,0.47573327425775674,-2.335816885809225,-8.032494266715844
10,0.1,0.1,456,0.4934486220291226,-2.2365430058602156,-8.022470743992628
10,0.5,symmetric,42,0.4733193543588623,-2.5096502343713074,-8.110503638122685
10,0.5,symmetric,123,0.4485542947836471,-2.5855478179447045,-8.098982565575186
10,0.5,symmetric,456,0.4812299988608541,-2.437355049207055,-8.090470960325812
10,0.5,0.01,42,0.4694000260886993,-2.5176429325378167,-8.491412291177824
10,0.5,0.01,123,0.4521278124968588,-2.56408967121093,-8.47573437534473
10,0.5,0.01,456,0.47818728145563305,-2.437280123347297,-8.46885066256735
10,0.5,0.1,42,0.4733193543588623,-2.5096502343713074,-8.110502811047649
10,0.5,0.1,123,0.4485542947836471,-2.5855478179447045,-8.098981858047866
10,0.5,0.1,456,0.4812299988608541,-2.437355049207055,-8.090472418027218
15,symmetric,symmetric,42,0.47167680798067446,-2.3588783597373886,-8.150092509045145
15,symmetric,symmetric,123,0.471885383697431,-2.404711300273816,-8.146651259796911
15,symmetric,symmetric,456,0.47307368606979466,-2.394467687693274,-8.137130985988843
15,symmetric,0.01,42,0.46352512080888086,-2.379355290785622,-8.570732292678104
15,symmetric,0.01,123,0.46999432029293403,-2.4003967211683195,-8.56357225670322
15,symmetric,0.01,456,0.46747419831068476,-2.4346683807085054,-8.558072984128767
15,symmetric,0.1,42,0.4646138320452819,-2.371898512081829,-8.093878814951136
15,symmetric,0.1,123,0.46726073244697824,-2.41897453911816,-8.09165600631476
15,symmetric,0.1,456,0.4669565639873615,-2.385184438185812,-8.080489521085363
15,0.01,symmetric,42,0.4712178996525254,-2.345774823860808,-8.10036925485255
15,0.01,symmetric,123,0.4743366164117688,-2.391445595208276,-8.097710900035219
15,0.01,symmetric,456,0.47033765703960584,-2.3736533714157253,-8.090512462747865
15,0.01,0.01,42,0.4757478424197966,-2.3247929342774256,-8.525238329682676
15,0.01,0.01,123,0.4697688976876091,-2.3914240161820532,-8.523397847157003
15,0.01,0.01,456,0.4709640601942666,-2.382514868520647,-8.515242071379896
15,0.01,0.1,42,0.4678089504046712,-2.3419548529832714,-8.041027858078479
15,0.01,0.1,123,0.48830252308734645,-2.3107983367854663,-8.03832959554144
15,0.01,0.1,456,0.4680449181857617,-2.420493301693873,-8.031312045287992
15,0.1,symmetric,42,0.45918916466149823,-2.4032636519941,-8.181967576109004
15,0.1,symmetric,123,0.4669872932356469,-2.408679004891789,-8.175541169155041
15,0.1,symmetric,456,0.4658505026056533,-2.398000060273501,-8.167390624048927
15,0.1,0.01,42,0.45908770291246614,-2.3785039080918042,-8.600656592464558
15,0.1,0.01,123,0.4672280549367686,-2.4529796780455095,-8.588178616496132
15,0.1,0.01,456,0.46878089595217276,-2.3966557030911875,-8.588983305650498
15,0.1,0.1,42,0.464349093845536,-2.383099102242834,-8.126084469890067
15,0.1,0.1,123,0.4777247764148598,-2.3597411796349093,-8.121262996053774
15,0.1,0.1,456,0.4682084106073324,-2.3906756031397456,-8.11113150205841
15,0.5,symmetric,42,0.4326393049345896,-2.6166641425914223,-8.267704197311831
15,0.5,symmetric,123,0.4357805736397186,-2.644931789699132,-8.249588682700438
15,0.5,symmetric,456,0.4343298730678549,-2.7316313177565466,-8.248602737091902
15,0.5,0.01,42,0.4262993989589359,-2.626526347059888,-8.658905665351547
15,0.5,0.01,123,0.4355331340270555,-2.6214160409634184,-8.63877956621137
15,0.5,0.01,456,0.43590883721574003,-2.7041055020999654,-8.638929482229127
15,0.5,0.1,42,0.4301166666891761,-2.6730602638409455,-8.228201419757482
15,0.5,0.1,123,0.4335281144569664,-2.679820428120669,-8.211022782010724
15,0.5,0.1,456,0.4335853167139498,-2.743800240441115,-8.209404999800785
20,symmetric,symmetric,42,0.46134103277138366,-2.5016850735189733,-8.248624965612223
20,symmetric,symmetric,123,0.465930854806812,-2.4477091610576176,-8.247255152426119
20,symmetric,symmetric,456,0.4684059838814316,-2.4750282992277897,-8.24771771281492
20,symmetric,0.01,42,0.45478775243593317,-2.514582759681682,-8.660878758740619
20,symmetric,0.01,123,0.45919611444095987,-2.4940135269640926,-8.658732000169428
20,symmetric,0.01,456,0.46510654995970535,-2.4355657629255556,-8.669049342043852
20,symmetric,0.1,42,0.4575862582582662,-2.5173850070903083,-8.136786080112872
20,symmetric,0.1,123,0.4652885979173722,-2.455883778941941,-8.13420267261748
20,symmetric,0.1,456,0.4757096026177606,-2.3771701978605484,-8.133209808360254
20,0.01,symmetric,42,0.46697003409156623,-2.4571693272713424,-8.197070699364962
20,0.01,symmetric,123,0.4672671270389559,-2.4292427560542533,-8.197567751793882
20,0.01,symmetric,456,0.4743347322509882,-2.365917155495836,-8.196651802136028
20,0.01,0.01,42,0.4599996360960182,-2.455558305520369,-8.612949290810045
20,0.01,0.01,123,0.4688052978815385,-2.3885586526925957,-8.616444691230429
20,0.01,0.01,456,0.4629481798272373,-2.477167463190327,-8.618331734664583
20,0.01,0.1,42,0.46223843242698714,-2.539944220849108,-8.083156570466459
20,0.01,0.1,123,0.47197705909106935,-2.3996318843124866,-8.082757267027047
20,0.01,0.1,456,0.4671838140140544,-2.4564374412043777,-8.077588779479317
20,0.1,symmetric,42,0.45457748888563954,-2.5817769947422096,-8.310504060743263
20,0.1,symmetric,123,0.4559507606037993,-2.4744542747145273,-8.30794520074683
20,0.1,symmetric,456,0.46141570473322346,-2.4575717533301615,-8.313108482031247
20,0.1,0.01,42,0.45093584258651037,-2.583577405300706,-8.715002189675124
20,0.1,0.01,123,0.4474246595829311,-2.5605269875163765,-8.717850111122488
20,0.1,0.01,456,0.4610097406648722,-2.4360685038353758,-8.72309497565439
20,0.1,0.1,42,0.4477003595715782,-2.4775895052360952,-8.200023560383086
20,0.1,0.1,123,0.46007434692083066,-2.449913117315783,-8.195510077225956
20,0.1,0.1,456,0.46002967515206283,-2.4680192297345345,-8.199639430651139
20,0.5,symmetric,42,0.3902284335256387,-2.9322729477830007,-8.38291543933262
20,0.5,symmetric,123,0.41526156700412475,-2.9913361404455756,-8.376926239861895
20,0.5,symmetric,456,0.4127040729300536,-3.085889645584623,-8.374902824655486
20,0.5,0.01,42,0.3959319188597692,-2.8785533622990354,-8.762881754078979
20,0.5,0.01,123,0.4099044061734561,-3.035151719616832,-8.758703949066234
20,0.5,0.01,456,0.4074539089874416,-3.0712809497515394,-8.754517506338077
20,0.5,0.1,42,0.39125466499709394,-2.9172770491802575,-8.311412523483984
20,0.5,0.1,123,0.42070510266617844,-2.9733205450034657,-8.304202307722807
20,0.5,0.1,456,0.41810014342461344,-3.058677432896732,-8.303705302811602
25,symmetric,symmetric,42,0.45080164172982856,-2.5057261417308494,-8.337461306493779
25,symmetric,symmetric,123,0.4475745240203567,-2.5604437117726695,-8.332327384557786
25,symmetric,symmetric,456,0.44982739169704594,-2.53530186981275,-8.330976061296187
25,symmetric,0.01,42,0.4392955554748134,-2.5865966691622453,-8.733198794455596
25,symmetric,0.01,123,0.4402494036775802,-2.621226469065483,-8.724670832411803
25,symmetric,0.01,456,0.4502396688556072,-2.527388023163419,-8.729882914868698
25,symmetric,0.1,42,0.44647389962080164,-2.5290364137101364,-8.172098692141883
25,symmetric,0.1,123,0.43723595137898413,-2.6527703089171566,-8.167357999781181
25,symmetric,0.1,456,0.4450375405748747,-2.575173312443506,-8.159829612679607
25,0.01,symmetric,42,0.4383239031831197,-2.5853421011037843,-8.290468138129206
25,0.01,symmetric,123,0.4433266638190937,-2.6176943444208036,-8.287251492326298
25,0.01,symmetric,456,0.45576034519957936,-2.53113364775085,-8.280074839672674
25,0.01,0.01,42,0.45186761237792533,-2.524380837189781,-8.68814454273828
25,0.01,0.01,123,0.4436753547675727,-2.6403420021003257,-8.687717580708597
25,0.01,0.01,456,0.4438658962395193,-2.6251463150571883,-8.682525205251073
25,0.01,0.1,42,0.44503849990805283,-2.490355446892614,-8.117958161648607
25,0.01,0.1,123,0.4511537168611202,-2.6306317922764326,-8.114971619712923
25,0.01,0.1,456,0.45228228910258667,-2.532128523075157,-8.107380425324195
25,0.1,symmetric,42,0.4338896004067701,-2.6823567930581036,-8.429406885922788
25,0.1,symmetric,123,0.4369374119618162,-2.6588198171963784,-8.413248693715369
25,0.1,symmetric,456,0.44672787349707505,-2.5706798963612436,-8.427561716712887
25,0.1,0.01,42,0.4357610538079249,-2.659553553939426,-8.817779006828623
25,0.1,0.01,123,0.4354758215256665,-2.650902823564703,-8.803892445411394
25,0.1,0.01,456,0.44241791920359913,-2.644812977088725,-8.81958348029511
25,0.1,0.1,42,0.44825396241230664,-2.5774027116503233,-8.26749350178927
25,0.1,0.1,123,0.4401649363561945,-2.5837219862068372,-8.25655866183598
25,0.1,0.1,456,0.4564707797959653,-2.4824412011172514,-8.25867182788101
25,0.5,symmetric,42,0.3768805140308059,-3.3969938611025854,-8.481703349251447
25,0.5,symmetric,123,0.3903283419039329,-3.3855315258622745,-8.473859651114546
25,0.5,symmetric,456,0.39673229482544253,-3.2742035282343873,-8.477908970799644
25,0.5,0.01,42,0.37254278704661564,-3.3417196023814335,-8.844479125668387
25,0.5,0.01,123,0.38608965713446125,-3.3403782889542732,-8.8377395721325
25,0.5,0.01,456,0.3887376769373168,-3.2971764348985153,-8.841751971300514
25,0.5,0.1,42,0.37536721145213553,-3.490235444995335,-8.384805226211332
25,0.5,0.1,123,0.3891495857201281,-3.4586960280066306,-8.375530738933508
25,0.5,0.1,456,0.3972888381649235,-3.328856295509465,-8.379067094104672
